split,accuracy,f1_macro,f1_weighted,auc_roc,auc_pr
validation,0.765,0.7603019175846593,0.7603019175846594,0.86556,0.8742644839993945
test,0.8623853211009175,0.8621997471554994,0.8621069601827902,0.9241917150795657,0.9367152936655853
