split,accuracy,f1_macro,f1_weighted,auc_roc,auc_pr
validation,0.5,0.4206928513497856,0.4206928513497857,0.501804,0.5011043500417298
test,0.4896788990825688,0.33263967116973797,0.32669965309265686,0.48913867138166206,0.503540326807675
