split,accuracy,f1_macro,f1_weighted,auc_roc,auc_pr
validation,0.8775,0.8772569380515767,0.8772569380515767,0.945656,0.9508603796055883
test,0.8818807339449541,0.88181218854572,0.8817599634796366,0.9558916393028544,0.956915518652712
