split,accuracy,f1_macro,f1_weighted,auc_roc,auc_pr
validation,0.7765,0.7753836003395879,0.775383600339588,0.873442,0.8891742756796599
test,0.7580275229357798,0.7526134699755158,0.7532849804201998,0.8753630967416015,0.8875905086089255
