split,accuracy,f1_macro,f1_weighted,auc_roc,auc_pr
validation,0.886,0.8857686815802,0.8857686815801998,0.9525914999999999,0.9506732484620073
test,0.9105504587155964,0.9104708651218626,0.9105198457949295,0.965216384608908,0.9625895588159052
