split,accuracy,f1_macro,f1_weighted,auc_roc,auc_pr
validation,0.913,0.9129874701957081,0.9129874701957083,0.9689939999999998,0.9690129578202424
test,0.9208715596330275,0.920771427781355,0.9208231087370571,0.9733571188010441,0.9748943650526455
