split,accuracy,f1_macro,f1_weighted,auc_roc,auc_pr
validation,0.955,0.955,0.955,0.9900969999999999,0.9903341860414294
test,0.9472477064220184,0.9472077156334232,0.9472343761591534,0.9834659425780921,0.985785574959241
