split,accuracy,f1_macro,f1_weighted,auc_roc,auc_pr
validation,0.8985,0.8984987566097684,0.8984987566097684,0.953773,0.953466034758291
test,0.9094036697247706,0.9093606377701727,0.9093968752056236,0.9650006314725942,0.9624342060436564
